001,bant
002,poodle
003,heed
004,gulf
005,methyl
006,hinges
007,barrack
008,cult
009,hunter
010,delete
011,herd
012,bend
013,pull
014,sore
015,who
016,roar
017,vision
018,Rosaâ€™s
019,hort
020,Col
021,tomato
022,heared
023,lonely
024,golf
025,you
026,hell
027,wagon
028,hod
029,then
030,lore
031,pillion
032,drew
033,satchel
034,hard
035,haggle
036,alibi
037,million
038,giant
039,hoot
040,ran
041,bet
042,horde
043,Al
044,hut
045,whoâ€™d
046,saw
047,Paris
048,Hal
049,than
050,heart
051,school
052,balcony
053,to
054,vaccine
055,hull
056,influenza
057,drawing
058,pool
059,only
060,ballot
061,hoon
062,bent
063,fatigue
064,tore
065,mascara
066,had
067,dormitory
068,hoin
069,pent
070,porcupine
071,own
072,mellow
073,hode
074,Polish
075,alligator
076,tassel
077,threw
078,pill
079,hot
080,Melbourne
081,law
082,het
083,cold
084,guitar
085,heen
086,fashion
087,hall
088,shudder
089,tune
090,pet
091,hoil
092,band
093,chicken
094,heat
095,spider
096,war
097,pand
098,view
099,howl
100,macaroni
101,bassinette
102,hill
103,pen
104,hurn
105,anaemia
106,hear
107,paddle
108,hane
109,panel
110,roaring
111,Halloween
112,poor
113,polish
114,sure
115,epidemic
116,Scorpio
117,tackle
118,butler
119,holl
120,parish
121,hoit
122,cube
123,pillar
124,syrup
125,pend
126,cousin
127,hurl
128,abandon
129,June
130,adapt
131,hunger
132,sterile
133,constellation
134,mallow
135,helicopter
136,pour
137,sheriff
138,gallop
139,Ben
140,hurrah
141,hud
142,avocado
143,anatomy
144,hay
145,wren
146,Mel
147,tuner
148,hown
149,tiger
150,hi
151,melancholy
152,coyote
153,bazooka
154,imagine
155,hid
156,banish
157,he
158,Malcolm
159,recipe
160,hote
161,adjust
162,hole
163,dabble
164,hail
165,shrew
166,mill
167,hah
168,strew
169,doll
170,manufacture
171,girl
172,relish
173,voodoo
174,pew
175,battle
176,Australia
177,axle
178,museum
179,haired
180,puffin
181,Alan
182,hoe
183,plant
184,horn
185,lure
186,bullock
187,sawing
188,pills
189,ped
190,alfalfa
191,souvenir
192,bad
193,mills
194,pyramid
195,gavel
196,heathen
197,flounder
198,Nigel
199,pillow
200,TRUE
201,elbow
202,noose
203,hit
204,raw
205,hood
206,sudden
207,roses
208,evaporate
209,tour
210,hate
211,aluminium
212,happen
213,dew
214,raffle
215,carriage
216,Ninjas
217,pat
218,thunder
219,due
220,album
221,vegemite
222,how
223,onion
224,corridor
225,hen
226,rude
227,comply
228,bed
229,han
230,shore
231,bat
232,hin
233,new
234,hon
235,oven
236,cauliflower
237,whoâ€™ll
238,cabin
239,hoyd
240,kitchen
241,pure
242,heel
243,epilepsy
244,diabetes
245,palace
246,apple
247,head
248,draw
249,serenade
250,Wran
251,harl
252,Shaw
253,hat
254,mirror
255,hooll
256,pyjamas
257,stew
258,parrot
259,Elle
260,triumph
261,kazoo
262,howd
263,slowly
264,curl
265,miller
266,pole
267,hore
268,curriculum
269,closet
270,height
271,hun
272,facial
273,alimony
274,gazelle
275,dole
276,banner
277,slow
278,kangaroo
279,hade
280,conspicuous
281,dance
282,hoott
283,taw
284,feel
285,amphibian
286,howt
287,her
288,silhouette
289,coal
290,hine
291,Ethan
292,paw
293,ban
294,hone
295,do
296,hoy
297,chew
298,Mal
299,pan
300,lighthouse
301,tuna
302,caterpillar
303,hair
304,alien
305,shutter
306,pant
307,colt
308,methane
309,button
310,carol
311,paranoia
312,hide
313,pad
314,Ellen
315,listen
316,hurt
317,tangerine
318,harn
319,leaf
320,masquerade
321,hile
322,camel
